id,Home,Away,Venue,Margin,Prob
8104,Collingwood,Hawthorn,MCG,-20.678770305412844,0.3646981998462934
8102,Western Bulldogs,Fremantle,Marvel Stadium,2.9383354856649966,0.5198121213452017
8103,Adelaide,Port Adelaide,Adelaide Oval,7.058967015471677,0.5461210197754381
8109,Essendon,Brisbane Lions,Marvel Stadium,-32.81368439432247,0.2947988129759418
8108,West Coast,Richmond,Optus Stadium,8.276853855867262,0.5526639426861201
8106,Geelong,North Melbourne,GMHBA Stadium,39.17894382013965,0.7370651491593642
8114,Carlton,St Kilda,Marvel Stadium,-7.72755192142332,0.4473360573138799
8107,Sydney,Melbourne,SCG,40.02734945287147,0.7421550981604083
8111,Gold Coast,Greater Western Sydney,People First Stadium,9.829380346398953,0.5656930317127106
