id,Home,Away,Venue,Margin,Prob
8130,Hawthorn,Adelaide,UTAS Stadium,14.33515992886662,0.5914638111290453
8131,Richmond,Essendon,MCG,0.0772965009221069,0.5
8133,Fremantle,St Kilda,Optus Stadium,16.26955932059432,0.6041722027636299
8134,North Melbourne,Gold Coast,Marvel Stadium,-13.821315821365712,0.4085361888709546
8132,Geelong,Sydney,GMHBA Stadium,31.822770062408775,0.6996769500212023
8137,Collingwood,West Coast,MCG,44.42135063042855,0.7618628891141958
8135,Port Adelaide,Carlton,Adelaide Oval,-2.057927956004007,0.4867880762307333
8136,Greater Western Sydney,Brisbane Lions,ENGIE Stadium,-3.834337144775143,0.4735945892399406
8138,Western Bulldogs,Melbourne,Marvel Stadium,18.71045355425118,0.6229691535787326
