id,Home,Away,Venue,Margin,Prob
8195,Geelong,St Kilda,GMHBA Stadium,9.77895667435346,0.5642571532878174
8199,Sydney,Adelaide,SCG,18.656997631485588,0.6208374876447228
8198,Port Adelaide,Fremantle,Adelaide Oval,-11.535065838981597,0.4243669677165648
8197,North Melbourne,Melbourne,Marvel Stadium,-8.424621369927511,0.4445631657632746
8194,Collingwood,Carlton,MCG,4.273242424808172,0.5282054736291971
8202,West Coast,Brisbane Lions,Optus Stadium,-30.00501826373526,0.3115178755738644
8196,Richmond,Hawthorn,MCG,-44.21365062198693,0.2371141421470083
8200,Gold Coast,Western Bulldogs,People First Stadium,2.714580064697616,0.5179288976290595
8191,Essendon,Greater Western Sydney,Marvel Stadium,-28.97992145800744,0.317358165881872
