id,Home,Away,Venue,Margin,Prob
8052,Hawthorn,Sydney,MCG,17.682400671060158,0.6167414344890327
8053,Adelaide,Western Bulldogs,Adelaide Oval,-0.8048661495084044,0.493392884609419
8054,Richmond,Gold Coast,MCG,-12.455297292031812,0.4213680331075514
8059,Greater Western Sydney,St Kilda,ENGIE Stadium,16.060924168986958,0.6041722027636299
8057,Fremantle,Melbourne,Optus Stadium,10.03392612336166,0.5656930317127106
8058,Port Adelaide,Essendon,Adelaide Oval,13.334121539638376,0.5850623124274686
8060,West Coast,North Melbourne,Optus Stadium,-4.703672811651897,0.4670104957195247
