id,Home,Away,Venue,Margin,Prob
8139,St Kilda,Hawthorn,Marvel Stadium,-10.762853489332112,0.4293601451385737
8140,Carlton,Geelong,MCG,-18.40520248858589,0.380730330253887
8141,Sydney,Richmond,SCG,64.26804257416809,0.8453523690809726
8142,Brisbane Lions,Fremantle,Gabba,23.03396299299875,0.6476641972320056
8143,Western Bulldogs,Collingwood,Marvel Stadium,5.8453733779684125,0.5385466652634747
8144,Melbourne,Greater Western Sydney,TIO Traeger Park,13.09809217652063,0.5856915585266523
8145,West Coast,Essendon,Optus Stadium,4.367366565114123,0.528825375982591
