id,Home,Away,Venue,Margin,Prob
8178,Geelong,Brisbane Lions,GMHBA Stadium,9.32469238722242,0.5613029317633101
8177,Sydney,Western Bulldogs,SCG,22.701742056670422,0.6456579174503797
8183,West Coast,Adelaide,Optus Stadium,-15.476212519696665,0.3991432215733395
8175,Hawthorn,Melbourne,University of Tasmania Stadium,20.61306881299607,0.6329291038526492
8187,Greater Western Sydney,Fremantle,Corroboree Group Oval Manuka,-12.9642149380774,0.4151673124040606
8180,Gold Coast,Collingwood,People First Stadium,3.1473631720153135,0.5207842184732471
8176,Richmond,Carlton,MCG,-37.18306318910578,0.2723467894584412
8173,Essendon,St Kilda,Marvel Stadium,-30.371712920842494,0.3094430510012274
8181,Port Adelaide,North Melbourne,Adelaide Oval,19.73882319756853,0.6275445186709327
