id,Home,Away,Venue,Margin,Prob
8045,Carlton,Richmond,MCG,5.972678585761153,0.539562126962018
8044,Essendon,Hawthorn,MCG,-29.690523059146848,0.3115463226177511
8047,Western Bulldogs,Greater Western Sydney,Marvel Stadium,19.942454279334985,0.6291565250450486
8049,Geelong,Fremantle,GMHBA Stadium,20.907821875488033,0.6353018001537065
8048,Sydney,Brisbane Lions,SCG,3.354571281623534,0.5198121213452017
8051,Collingwood,Adelaide,MCG,4.023936998459001,0.5264054107600594
8056,North Melbourne,Port Adelaide,Marvel Stadium,4.742407783155469,0.5329895042804752
8055,Melbourne,St Kilda,MCG,7.6973799837658365,0.5526639426861201
8050,Gold Coast,West Coast,People First Stadium,45.150745564975416,0.7666247920901511
