id,Home,Away,Venue,Margin,Prob
8052,Hawthorn,Sydney,MCG,13.129631494650752,0.5850623124274686
8053,Adelaide,Western Bulldogs,Adelaide Oval,-1.236533908191463,0.493392884609419
8054,Richmond,Gold Coast,MCG,-9.79330153330537,0.4343069682872894
8059,Greater Western Sydney,St Kilda,ENGIE Stadium,6.859731436843708,0.5461210197754381
8057,Fremantle,Melbourne,Optus Stadium,10.761676789167325,0.572174839617759
8058,Port Adelaide,Essendon,Adelaide Oval,16.573215572368916,0.6104751677484032
8060,West Coast,North Melbourne,Optus Stadium,-5.415535606082237,0.4670104957195247
