id,Home,Away,Venue,Margin,Prob
8062,Geelong,Adelaide,GMHBA Stadium,20.617715007034505,0.6353018001537065
8064,Collingwood,Greater Western Sydney,Marvel Stadium,1.637576881603604,0.5132119237692668
8061,St Kilda,Brisbane Lions,Marvel Stadium,-1.3099891554254155,0.493392884609419
8065,Fremantle,Richmond,Optus Stadium,43.267518756779864,0.7570346160465645
8063,Essendon,North Melbourne,Marvel Stadium,-16.896880410260042,0.3895248322515969
8071,Port Adelaide,West Coast,Adelaide Oval,13.502141753827445,0.5914638111290453
8075,Carlton,Melbourne,MCG,-11.813443419202224,0.4213680331075514
