id,Home,Away,Venue,Margin,Prob
8168,Brisbane Lions,Sydney,Gabba,-0.5603167485972911,0.4962977747451308
8172,Hawthorn,Greater Western Sydney,MCG,22.95660246484688,0.6471974795591785
8167,Carlton,West Coast,Marvel Stadium,31.54006941614039,0.6971164442776194
8174,Collingwood,Richmond,MCG,31.980527066092073,0.6995687918314607
8179,Port Adelaide,Adelaide,Adelaide Oval,-6.650106942689668,0.4561721891648636
8169,North Melbourne,Essendon,Marvel Stadium,15.049387389155983,0.5981482296357102
8171,Fremantle,Gold Coast,Optus Stadium,29.20121211195008,0.6839075548726107
