id,Home,Away,Venue,Margin,Prob
8041,Sydney,Carlton,SCG,13.376293126039904,0.5874746474800563
8042,Gold Coast,Geelong,People First Stadium,-0.8554649872654005,0.4943477558846048
8040,Greater Western Sydney,Hawthorn,ENGIE Stadium,6.476980816398928,0.5426924436476859
8043,Brisbane Lions,Western Bulldogs,Gabba,15.581904763142015,0.6015265356102938
8046,St Kilda,Collingwood,MCG,-19.78867800347192,0.3721475527066941
