id,Home,Away,Venue,Margin,Prob
8130,Hawthorn,Adelaide,UTAS Stadium,14.33515992886662,0.5914638111290453
8131,Richmond,Essendon,MCG,0.0772965009221069,0.5
8133,Fremantle,St Kilda,Optus Stadium,16.26955932059432,0.6041722027636299
8134,North Melbourne,Gold Coast,Marvel Stadium,0.2851206949452987,0.5018839260765912
8132,Geelong,Sydney,GMHBA Stadium,15.687997843678392,0.6021984508869451
8137,Collingwood,West Coast,MCG,40.5473126712551,0.7449135138654375
8135,Port Adelaide,Carlton,Adelaide Oval,7.015811844966123,0.5462246055926337
8136,Greater Western Sydney,Brisbane Lions,ENGIE Stadium,-13.799405681418229,0.4098178822208768
8138,Western Bulldogs,Melbourne,Marvel Stadium,4.4939751754207435,0.5296590807605166
