id,Home,Away,Venue,Margin,Prob
8083,Carlton,Collingwood,MCG,-10.238267457329243,0.4343069682872894
8085,Geelong,Western Bulldogs,GMHBA Stadium,7.736495794110905,0.5526639426861201
8086,Sydney,Greater Western Sydney,SCG,35.00534512795422,0.7160699596141614
8087,Gold Coast,Essendon,People First Stadium,36.85724836672415,0.7266933178746711
8089,Hawthorn,Port Adelaide,Marvel Stadium,36.29299976041296,0.7214127205531315
8092,Adelaide,St Kilda,Adelaide Oval,9.411778378741516,0.5591886776779026
8090,North Melbourne,Richmond,Marvel Stadium,17.85937393621817,0.6167414344890327
8091,Melbourne,Brisbane Lions,MCG,-8.20104946163034,0.4473360573138799
8094,West Coast,Fremantle,Optus Stadium,-42.22156056559325,0.2478597028749775
