id,Home,Away,Venue,Margin,Prob
8216,Adelaide,Collingwood,Adelaide Oval,10.372932574847807,0.5681130601894964
8205,Melbourne,Geelong,MCG,1.904470062850903,0.5125811297286024
8210,Fremantle,West Coast,Optus Stadium,46.99968499058947,0.7759470150262154
8201,Carlton,Gold Coast,Marvel Stadium,11.47032151494445,0.5752149687869398
8206,Hawthorn,Essendon,MCG,43.3767446589416,0.7588614148638217
8208,Greater Western Sydney,Sydney,ENGIE Stadium,-0.149962472091965,0.4990091242628237
8204,Western Bulldogs,Richmond,Marvel Stadium,37.52556264599712,0.729443431914822
8203,Brisbane Lions,Port Adelaide,Gabba,28.672757530732497,0.6808804584582914
8207,North Melbourne,St Kilda,Marvel Stadium,-14.47573681730893,0.4055014749846462
