id,Home,Away,Venue,Margin,Prob
8113,Fremantle,Hawthorn,Optus Stadium,-3.957404768653736,0.4735945892399406
8116,Brisbane Lions,Carlton,Gabba,34.916049317956436,0.7160699596141614
8110,Port Adelaide,Western Bulldogs,Adelaide Oval,3.096677136719485,0.5198121213452017
8112,North Melbourne,Sydney,Marvel Stadium,-27.87203263352424,0.3229953969247293
8115,Greater Western Sydney,Essendon,ENGIE Stadium,39.28481438405038,0.7370651491593642
8120,Gold Coast,St Kilda,TIO Stadium,10.728124632052625,0.572174839617759
8119,Geelong,Collingwood,MCG,12.01944525909682,0.5786319668924486
8122,Melbourne,West Coast,Marvel Stadium,29.267647059638215,0.6827567896332432
8118,Richmond,Adelaide,MCG,-20.365848171528643,0.3708434749549514
