id,Home,Away,Venue,Margin,Prob
8072,Adelaide,Carlton,Adelaide Oval,19.952740979217097,0.6291565250450486
8076,Collingwood,Fremantle,Adelaide Oval,-15.382459167994671,0.402165563558267
8078,North Melbourne,Brisbane Lions,Barossa Park,-24.638461053206974,0.3405711545813998
8079,Essendon,Melbourne,Adelaide Oval,-35.12651096655952,0.2839300403858385
8080,Sydney,Gold Coast,Norwood Oval,21.13156738431316,0.6353018001537065
8081,Hawthorn,Western Bulldogs,Adelaide Oval,7.809719346041672,0.5526639426861201
8082,Geelong,West Coast,Norwood Oval,46.22328407773479,0.7713200553046617
8084,Greater Western Sydney,Richmond,Barossa Park,14.240564122774057,0.5914638111290453
8088,Port Adelaide,St Kilda,Adelaide Oval,-0.635740462453839,0.493392884609419
