id,Home,Away,Venue,Margin,Prob
8052,Hawthorn,Sydney,MCG,15.500194045914132,0.6041722027636299
8053,Adelaide,Western Bulldogs,Adelaide Oval,-0.2599334466735166,0.5
8054,Richmond,Gold Coast,MCG,-12.32949064815802,0.4213680331075514
8059,Greater Western Sydney,St Kilda,ENGIE Stadium,3.3768815145667284,0.5198121213452017
8057,Fremantle,Melbourne,Optus Stadium,10.987859585688092,0.572174839617759
8058,Port Adelaide,Essendon,Adelaide Oval,16.011780491804792,0.6041722027636299
8060,West Coast,North Melbourne,Optus Stadium,-8.663595431842175,0.4408113223220974
