id,Home,Away,Venue,Margin,Prob
8066,Brisbane Lions,Collingwood,Gabba,18.543688943501756,0.6229691535787326
8067,North Melbourne,Carlton,Marvel Stadium,-9.34918909526792,0.4408113223220974
8069,Adelaide,Fremantle,Adelaide Oval,9.22213194740764,0.5591886776779026
8070,Richmond,Port Adelaide,MCG,1.1646710134828782,0.5066071153905811
8068,West Coast,Sydney,Optus Stadium,-17.942092569726295,0.3832585655109672
8074,Melbourne,Gold Coast,MCG,7.411088306379799,0.5461210197754381
8073,Western Bulldogs,Essendon,Marvel Stadium,30.808127500239102,0.6940940991987531
8077,Hawthorn,Geelong,MCG,-4.379627739685768,0.4735945892399406
